{
    "Hindi": {
        "complex_bias_score": 1.034145323656567,
        "simple_bias_score": 0.9720574812377876
    },
    "Urdu": {
        "complex_bias_score": 0.46409545122873264,
        "simple_bias_score": 0.37161088609626847
    },
    "Bengali": {
        "complex_bias_score": 0.6126134784800934,
        "simple_bias_score": 0.4767665102491958
    },
    "Punjabi": {
        "complex_bias_score": 0.906118619460066,
        "simple_bias_score": 0.6378299809084728
    },
    "Marathi": {
        "complex_bias_score": 1.0578674295873833,
        "simple_bias_score": 1.2278230287548157
    },
    "Gujarati": {
        "complex_bias_score": 0.990182333803082,
        "simple_bias_score": 0.9372975681754571
    },
    "Malayalam": {
        "complex_bias_score": 0.8910624032547688,
        "simple_bias_score": 0.8541474201207471
    },
    "Tamil": {
        "complex_bias_score": 0.7669963834858744,
        "simple_bias_score": 0.8498216768870774
    },
    "Telugu": {
        "complex_bias_score": 0.8838846698756421,
        "simple_bias_score": 0.5266621765832568
    },
    "Kannada": {
        "complex_bias_score": 2.39303390716779,
        "simple_bias_score": 3.1459832709869207
    }
}