{
    "method_complex_avg_change_from_original": 1.2403642016701901,
    "method_simple_avg_change_from_original": 0.014946579357164858
}