{
    "complex_avg_change_from_original": 0.9600931301688661,
    "simple_avg_change_from_original": -0.1474515521596584,
    "original_avg_tfidf": 0.0019044769071614467,
    "complex_avg_tfidf": 0.0019586177228347232,
    "simple_avg_tfidf": 0.0019303166344600646
}