{
    "method_complex_avg_change_from_original": 4.129236705019384,
    "method_simple_avg_change_from_original": 1.9829782812172294
}