{
    "method_complex_avg_change_from_original": 0.9600931301688664,
    "method_simple_avg_change_from_original": -0.14745155215965866
}