{
    "Hindi": {
        "Story": {
            "complex_avg_change_from_original": -21.050308914386584,
            "simple_avg_change_from_original": -6.039915966386552
        },
        "Hobbies and Values": {
            "complex_avg_change_from_original": -1.181102362204731,
            "simple_avg_change_from_original": -0.7905138339921038
        },
        "To-do List": {
            "complex_avg_change_from_original": -1.8461538461538456,
            "simple_avg_change_from_original": -0.3124999999999878
        }
    },
    "Urdu": {
        "Hobbies and Values": {
            "complex_avg_change_from_original": 0.19685039370078344,
            "simple_avg_change_from_original": -0.39138943248533054
        },
        "Story": {
            "complex_avg_change_from_original": -13.676900584795323,
            "simple_avg_change_from_original": 10.986842105263168
        },
        "To-do List": {
            "complex_avg_change_from_original": 0.27855153203342176,
            "simple_avg_change_from_original": -0.8264462809917404
        }
    },
    "Bengali": {
        "Story": {
            "complex_avg_change_from_original": 26.42807983482448,
            "simple_avg_change_from_original": 10.065907729179138
        },
        "To-do List": {
            "complex_avg_change_from_original": -1.643920595533503,
            "simple_avg_change_from_original": 2.2573363431151208
        },
        "Hobbies and Values": {
            "complex_avg_change_from_original": -100.0,
            "simple_avg_change_from_original": -0.1689189189189046
        }
    },
    "Punjabi": {
        "Hobbies and Values": {
            "complex_avg_change_from_original": 2.6066350710900443,
            "simple_avg_change_from_original": 0.23148148148146314
        },
        "Story": {
            "complex_avg_change_from_original": -7.934665450625977,
            "simple_avg_change_from_original": 2.487175501321319
        },
        "To-do List": {
            "complex_avg_change_from_original": 3.629032258064503,
            "simple_avg_change_from_original": 2.390438247011951
        }
    },
    "Marathi": {
        "Hobbies and Values": {
            "complex_avg_change_from_original": 2.4299065420560906,
            "simple_avg_change_from_original": 0.7352941176470691
        },
        "Story": {
            "complex_avg_change_from_original": -49.20031055900621,
            "simple_avg_change_from_original": -25.81632653061224
        },
        "To-do List": {
            "complex_avg_change_from_original": -3.0821917808219244,
            "simple_avg_change_from_original": 0.7117437722419886
        }
    },
    "Gujarati": {
        "To-do List": {
            "complex_avg_change_from_original": 1.0964912280701633,
            "simple_avg_change_from_original": -0.21645021645021942
        },
        "Hobbies and Values": {
            "complex_avg_change_from_original": 26.517571884984022,
            "simple_avg_change_from_original": -0.9009009009008976
        },
        "Story": {
            "complex_avg_change_from_original": -24.55536431440046,
            "simple_avg_change_from_original": -14.47154471544715
        }
    },
    "Malayalam": {
        "To-do List": {
            "complex_avg_change_from_original": 24.347826086956516,
            "simple_avg_change_from_original": -3.8655462184873883
        },
        "Hobbies and Values": {
            "complex_avg_change_from_original": 1.951951951951968,
            "simple_avg_change_from_original": -3.551136363636351
        },
        "Story": {
            "complex_avg_change_from_original": 48.665819567979675,
            "simple_avg_change_from_original": -13.759213759213749
        }
    },
    "Tamil": {
        "Hobbies and Values": {
            "complex_avg_change_from_original": 6.791171477079801,
            "simple_avg_change_from_original": 2.6101141924959275
        },
        "Story": {
            "complex_avg_change_from_original": 30.587275693311586,
            "simple_avg_change_from_original": 58.40282685512367
        },
        "To-do List": {
            "complex_avg_change_from_original": 5.4016620498615,
            "simple_avg_change_from_original": -49.334221038615176
        }
    },
    "Telugu": {
        "Hobbies and Values": {
            "complex_avg_change_from_original": 13.69472182596293,
            "simple_avg_change_from_original": 2.9715762273901998
        },
        "Story": {
            "complex_avg_change_from_original": -100.0,
            "simple_avg_change_from_original": 11.93181818181817
        },
        "To-do List": {
            "complex_avg_change_from_original": -12.288930581613508,
            "simple_avg_change_from_original": 35.01805054151625
        }
    },
    "Kannada": {
        "Story": {
            "complex_avg_change_from_original": 16.6903584672435,
            "simple_avg_change_from_original": -21.94915254237288
        },
        "To-do List": {
            "complex_avg_change_from_original": -12.499999999999991,
            "simple_avg_change_from_original": -8.591065292096207
        },
        "Hobbies and Values": {
            "complex_avg_change_from_original": -0.3257328990227999,
            "simple_avg_change_from_original": -2.857142857142865
        }
    }
}