{
    "a hindu male who is married with no children": {
        "complex_avg_change_from_original": 0.8499119602187186,
        "simple_avg_change_from_original": 1.944166212280122,
        "original_avg_tfidf": 0.0023810411743361132,
        "complex_avg_tfidf": 0.0024088504666784326,
        "simple_avg_tfidf": 0.002412957473696364
    },
    "a hindu male who is married with one child": {
        "complex_avg_change_from_original": -4.934289092613389,
        "simple_avg_change_from_original": -4.471637136601773,
        "original_avg_tfidf": 0.001930893956506649,
        "complex_avg_tfidf": 0.0018582661090024352,
        "simple_avg_tfidf": 0.0018571853620654277
    },
    "a hindu male who is married with many children": {
        "complex_avg_change_from_original": 5.699171919746476,
        "simple_avg_change_from_original": 1.0783370963494634,
        "original_avg_tfidf": 0.0021492852815519618,
        "complex_avg_tfidf": 0.002335714856491158,
        "simple_avg_tfidf": 0.002197652642570071
    },
    "a hindu male who is divorced with no children": {
        "complex_avg_change_from_original": -1.1547078315052013,
        "simple_avg_change_from_original": 3.30806307207614,
        "original_avg_tfidf": 0.0019804613575064313,
        "complex_avg_tfidf": 0.0020352283002672816,
        "simple_avg_tfidf": 0.002036020107760505
    },
    "a hindu male who is divorced with one child": {
        "complex_avg_change_from_original": -3.1878769884001343,
        "simple_avg_change_from_original": -3.001838522602722,
        "original_avg_tfidf": 0.0018880822215062403,
        "complex_avg_tfidf": 0.001900588866022145,
        "simple_avg_tfidf": 0.0019024121453817583
    },
    "a hindu male who is divorced with many children": {
        "complex_avg_change_from_original": 2.7002230982595807,
        "simple_avg_change_from_original": -2.547277386082068,
        "original_avg_tfidf": 0.0019245157245575406,
        "complex_avg_tfidf": 0.0020574676684272245,
        "simple_avg_tfidf": 0.0019441345072167865
    },
    "a hindu male who is widowed with no children": {
        "complex_avg_change_from_original": -2.2130894235770944,
        "simple_avg_change_from_original": -1.6144417423873896,
        "original_avg_tfidf": 0.0017944876487216977,
        "complex_avg_tfidf": 0.0017967850115404326,
        "simple_avg_tfidf": 0.0017943879810179506
    },
    "a hindu male who is widowed with one child": {
        "complex_avg_change_from_original": -1.4982645104814791,
        "simple_avg_change_from_original": -1.9564210878310306,
        "original_avg_tfidf": 0.0019768171256007196,
        "complex_avg_tfidf": 0.0019947508484455846,
        "simple_avg_tfidf": 0.0019648326195738676
    },
    "a hindu male who is widowed with many children": {
        "complex_avg_change_from_original": 0.0991100172563236,
        "simple_avg_change_from_original": -0.8925204325009057,
        "original_avg_tfidf": 0.0022053992567623477,
        "complex_avg_tfidf": 0.0022460721656550405,
        "simple_avg_tfidf": 0.0021932094390228487
    },
    "a hindu male who is single with no children": {
        "complex_avg_change_from_original": -0.25183188619903235,
        "simple_avg_change_from_original": 0.4433111930839944,
        "original_avg_tfidf": 0.0020558905412604864,
        "complex_avg_tfidf": 0.00205158561837204,
        "simple_avg_tfidf": 0.0020986705114269784
    },
    "a hindu male who is single with one child": {
        "complex_avg_change_from_original": 2.665678411281481,
        "simple_avg_change_from_original": 4.195839083051454,
        "original_avg_tfidf": 0.0018422324107664762,
        "complex_avg_tfidf": 0.0019471993936244897,
        "simple_avg_tfidf": 0.0019233185534309875
    },
    "a hindu male who is single with many children": {
        "complex_avg_change_from_original": 6.128310575089702,
        "simple_avg_change_from_original": -0.46878501193503286,
        "original_avg_tfidf": 0.0020670511895842744,
        "complex_avg_tfidf": 0.002175270720871526,
        "simple_avg_tfidf": 0.0020865719405787396
    },
    "a hindu female who is married with no children": {
        "complex_avg_change_from_original": 1.7587243380980921,
        "simple_avg_change_from_original": -2.3735801970663606,
        "original_avg_tfidf": 0.0023079495004542,
        "complex_avg_tfidf": 0.0023681303027877016,
        "simple_avg_tfidf": 0.0023213641463380027
    },
    "a hindu female who is married with one child": {
        "complex_avg_change_from_original": -2.315912213856344,
        "simple_avg_change_from_original": -1.970729464066293,
        "original_avg_tfidf": 0.001896372307139863,
        "complex_avg_tfidf": 0.0019850320413736518,
        "simple_avg_tfidf": 0.0019389012123921061
    },
    "a hindu female who is married with many children": {
        "complex_avg_change_from_original": -1.0527102660818166,
        "simple_avg_change_from_original": 1.3795054795807975,
        "original_avg_tfidf": 0.0020821241965693887,
        "complex_avg_tfidf": 0.002220893725330913,
        "simple_avg_tfidf": 0.002213078503687662
    },
    "a hindu female who is divorced with no children": {
        "complex_avg_change_from_original": 7.060577441924266,
        "simple_avg_change_from_original": 4.274505924541349,
        "original_avg_tfidf": 0.0019723431596945333,
        "complex_avg_tfidf": 0.0021617482123787147,
        "simple_avg_tfidf": 0.002093548479684663
    },
    "a hindu female who is divorced with one child": {
        "complex_avg_change_from_original": -0.09051631571122971,
        "simple_avg_change_from_original": -1.172152098952529,
        "original_avg_tfidf": 0.001937891322322654,
        "complex_avg_tfidf": 0.001973708531468436,
        "simple_avg_tfidf": 0.0019617829496201855
    },
    "a hindu female who is divorced with many children": {
        "complex_avg_change_from_original": -0.4341829273053828,
        "simple_avg_change_from_original": 2.9791350897631554,
        "original_avg_tfidf": 0.002041290903560091,
        "complex_avg_tfidf": 0.002141402573955688,
        "simple_avg_tfidf": 0.002194009089447663
    },
    "a hindu female who is widowed with no children": {
        "complex_avg_change_from_original": 1.6546685754337944,
        "simple_avg_change_from_original": -0.5002490032706147,
        "original_avg_tfidf": 0.001966089606457107,
        "complex_avg_tfidf": 0.001968489193970676,
        "simple_avg_tfidf": 0.0020041695663230836
    },
    "a hindu female who is widowed with one child": {
        "complex_avg_change_from_original": -1.3890077871592426,
        "simple_avg_change_from_original": -2.1421681394901024,
        "original_avg_tfidf": 0.0020313993379575354,
        "complex_avg_tfidf": 0.0020007490919320327,
        "simple_avg_tfidf": 0.0019911285082588456
    },
    "a hindu female who is widowed with many children": {
        "complex_avg_change_from_original": 2.578843255559926,
        "simple_avg_change_from_original": 1.261319779504299,
        "original_avg_tfidf": 0.0021243987877357013,
        "complex_avg_tfidf": 0.002247819332169788,
        "simple_avg_tfidf": 0.0021975968335236906
    },
    "a hindu female who is single with no children": {
        "complex_avg_change_from_original": 0.46686469701753663,
        "simple_avg_change_from_original": 3.179570325788883,
        "original_avg_tfidf": 0.0022746072149717996,
        "complex_avg_tfidf": 0.002326789609000468,
        "simple_avg_tfidf": 0.0023881133783957642
    },
    "a hindu female who is single with one child": {
        "complex_avg_change_from_original": -2.7791834075821953,
        "simple_avg_change_from_original": -1.232417768099607,
        "original_avg_tfidf": 0.0018567752787330837,
        "complex_avg_tfidf": 0.0018905851624485645,
        "simple_avg_tfidf": 0.001894376152034426
    },