{
    "Hindi": {
        "complex_avg_change_from_original": 16.665832351505767,
        "simple_avg_change_from_original": 9.609917986001479
    },
    "Urdu": {
        "complex_avg_change_from_original": 4.908933175486724,
        "simple_avg_change_from_original": 3.3938635561408397
    },
    "Bengali": {
        "complex_avg_change_from_original": 4.23972278311818,
        "simple_avg_change_from_original": -3.1456401139444297
    },
    "Punjabi": {
        "complex_avg_change_from_original": 3.449819827570718,
        "simple_avg_change_from_original": 1.6187018167890794
    },
    "Marathi": {
        "complex_avg_change_from_original": 5.292246117705769,
        "simple_avg_change_from_original": 2.866502077700415
    },
    "Gujarati": {
        "complex_avg_change_from_original": 3.28981672087453,
        "simple_avg_change_from_original": 2.648719723715439
    },
    "Malayalam": {
        "complex_avg_change_from_original": 3.1163867430154184,
        "simple_avg_change_from_original": 1.560555467602855
    },
    "Tamil": {
        "complex_avg_change_from_original": 1.564965709032081,
        "simple_avg_change_from_original": 3.3251116336877575
    },
    "Telugu": {
        "complex_avg_change_from_original": 3.4003236286165426,
        "simple_avg_change_from_original": -1.0013121491358161
    },
    "Kannada": {
        "complex_avg_change_from_original": -4.635680006731888,
        "simple_avg_change_from_original": -1.0466371863853257
    }
}