{
    "method_complex_avg_change_from_original": 29.41175456111683,
    "method_simple_avg_change_from_original": 18.328493466711485
}