{
    "Hindi": {
        "complex_avg_change_from_original": 26.645684591225066,
        "simple_avg_change_from_original": 17.90033887994989
    },
    "Urdu": {
        "complex_avg_change_from_original": 12.204056953784374,
        "simple_avg_change_from_original": 7.214416992646171
    },
    "Bengali": {
        "complex_avg_change_from_original": 19.205187500129902,
        "simple_avg_change_from_original": 9.242824364840144
    },
    "Punjabi": {
        "complex_avg_change_from_original": 24.725074925667542,
        "simple_avg_change_from_original": 13.048990902374692
    },
    "Marathi": {
        "complex_avg_change_from_original": 38.32917868952074,
        "simple_avg_change_from_original": 28.72636175010848
    },
    "Gujarati": {
        "complex_avg_change_from_original": 30.389388500020743,
        "simple_avg_change_from_original": 19.139066981243005
    },
    "Malayalam": {
        "complex_avg_change_from_original": 32.58075549104799,
        "simple_avg_change_from_original": 21.574607025329687
    },
    "Tamil": {
        "complex_avg_change_from_original": 23.028058003281334,
        "simple_avg_change_from_original": 14.340965487395678
    },
    "Telugu": {
        "complex_avg_change_from_original": 26.2825845361529,
        "simple_avg_change_from_original": 10.47754816902329
    },
    "Kannada": {
        "complex_avg_change_from_original": 60.72757642033768,
        "simple_avg_change_from_original": 41.61981411420379
    }
}