{
    "method_complex_avg_change_from_original": 0.5731480708229841,
    "method_simple_avg_change_from_original": 0.3232668820262285
}