{
    "Hindi": {
        "complex_avg_change_from_original": 0.5727114816261346,
        "simple_avg_change_from_original": 0.31291668525729355
    },
    "Urdu": {
        "complex_avg_change_from_original": 0.24623483900056153,
        "simple_avg_change_from_original": 0.11671268632309917
    },
    "Bengali": {
        "complex_avg_change_from_original": 0.33151635292709797,
        "simple_avg_change_from_original": 0.14634468955363258
    },
    "Punjabi": {
        "complex_avg_change_from_original": 0.5046252254027098,
        "simple_avg_change_from_original": 0.20839685424001267
    },
    "Marathi": {
        "complex_avg_change_from_original": 0.580808523422372,
        "simple_avg_change_from_original": 0.3828963332510438
    },
    "Gujarati": {
        "complex_avg_change_from_original": 0.5810190504957328,
        "simple_avg_change_from_original": 0.3043592657710889
    },
    "Malayalam": {
        "complex_avg_change_from_original": 0.5190687490879488,
        "simple_avg_change_from_original": 0.3002632720282599
    },
    "Tamil": {
        "complex_avg_change_from_original": 0.4340316418082763,
        "simple_avg_change_from_original": 0.27245462659316877
    },
    "Telugu": {
        "complex_avg_change_from_original": 0.4871969477718898,
        "simple_avg_change_from_original": 0.16934189840185163
    },
    "Kannada": {
        "complex_avg_change_from_original": 1.4742678966871174,
        "simple_avg_change_from_original": 1.018982508842834
    }
}