{
    "method_complex_avg_change_from_original": 30.291176056036818,
    "method_simple_avg_change_from_original": 18.95913889201395
}