{
    "global_complex_avg_change_from_original": 30.291176056036818,
    "global_simple_avg_change_from_original": 18.95913889201395
}