{
    "Hindi": {
        "complex_avg_change_from_original": 9.987064760855551,
        "simple_avg_change_from_original": 6.533543979926079
    },
    "Urdu": {
        "complex_avg_change_from_original": 5.481370786706563,
        "simple_avg_change_from_original": 2.5053750339397576
    },
    "Bengali": {
        "complex_avg_change_from_original": 1.8102615705293867,
        "simple_avg_change_from_original": -3.9626012275598135
    },
    "Punjabi": {
        "complex_avg_change_from_original": 0.8338075430378605,
        "simple_avg_change_from_original": -0.47770271672315584
    },
    "Marathi": {
        "complex_avg_change_from_original": 4.351528610409173,
        "simple_avg_change_from_original": 3.8748715285547366
    },
    "Gujarati": {
        "complex_avg_change_from_original": -1.4357051849325515,
        "simple_avg_change_from_original": -0.6976378998428289
    },
    "Malayalam": {
        "complex_avg_change_from_original": -3.7032878645502296,
        "simple_avg_change_from_original": -3.57995740431554
    },
    "Tamil": {
        "complex_avg_change_from_original": -1.1301339943214503,
        "simple_avg_change_from_original": -0.7028327184382835
    },
    "Telugu": {
        "complex_avg_change_from_original": 0.977626026351425,
        "simple_avg_change_from_original": -0.616452166287545
    },
    "Kannada": {
        "complex_avg_change_from_original": -7.5716009523970635,
        "simple_avg_change_from_original": -4.351121930849998
    }
}