{
    "method_complex_avg_change_from_original": 0.10659715409854911,
    "method_simple_avg_change_from_original": 0.06254590059996376
}