{
    "Hindi": {
        "complex_avg_change_from_original": 10.717852792469515,
        "simple_avg_change_from_original": 7.238812115099876
    },
    "Urdu": {
        "complex_avg_change_from_original": 5.475049681313255,
        "simple_avg_change_from_original": 2.4334563234239197
    },
    "Bengali": {
        "complex_avg_change_from_original": 0.34108522172425665,
        "simple_avg_change_from_original": -4.106901910305827
    },
    "Punjabi": {
        "complex_avg_change_from_original": 0.813165245145825,
        "simple_avg_change_from_original": -0.6371657890821207
    },
    "Marathi": {
        "complex_avg_change_from_original": 7.028017160621917,
        "simple_avg_change_from_original": 3.9418332338430653
    },
    "Gujarati": {
        "complex_avg_change_from_original": -1.1202327827256937,
        "simple_avg_change_from_original": -0.18963625207594126
    },
    "Malayalam": {
        "complex_avg_change_from_original": -0.4657002512226942,
        "simple_avg_change_from_original": -2.2525866090009155
    },
    "Tamil": {
        "complex_avg_change_from_original": -1.0013580885653142,
        "simple_avg_change_from_original": -0.5376558496755314
    },
    "Telugu": {
        "complex_avg_change_from_original": 0.43572655941727373,
        "simple_avg_change_from_original": -0.9857874290963721
    },
    "Kannada": {
        "complex_avg_change_from_original": -2.89280934171205,
        "simple_avg_change_from_original": -4.061361853253456
    }
}