{
    "Hindi": {
        "complex_avg_change_from_original": 0.06115475487311737,
        "simple_avg_change_from_original": 0.038169205644097905
    },
    "Urdu": {
        "complex_avg_change_from_original": 0.02391090379415474,
        "simple_avg_change_from_original": 0.014504460220036366
    },
    "Bengali": {
        "complex_avg_change_from_original": 0.09379326021488142,
        "simple_avg_change_from_original": 0.03921102867113365
    },
    "Punjabi": {
        "complex_avg_change_from_original": 0.05926661791068291,
        "simple_avg_change_from_original": 0.023098048509727534
    },
    "Marathi": {
        "complex_avg_change_from_original": 0.07630158541406128,
        "simple_avg_change_from_original": 0.05481712947612951
    },
    "Gujarati": {
        "complex_avg_change_from_original": 0.10205013178187661,
        "simple_avg_change_from_original": 0.05554403537968607
    },
    "Malayalam": {
        "complex_avg_change_from_original": 0.13182215965181468,
        "simple_avg_change_from_original": 0.08072982869481561
    },
    "Tamil": {
        "complex_avg_change_from_original": 0.03337050199947355,
        "simple_avg_change_from_original": 0.016717110631978536
    },
    "Telugu": {
        "complex_avg_change_from_original": 0.04613916925396788,
        "simple_avg_change_from_original": 0.01642684507552022
    },
    "Kannada": {
        "complex_avg_change_from_original": 0.1382885708020037,
        "simple_avg_change_from_original": 0.08402901569108055
    }
}