{
    "Hindi": {
        "complex_avg_change_from_original": 0.06030640983617485,
        "simple_avg_change_from_original": 0.03796547175852356
    },
    "Urdu": {
        "complex_avg_change_from_original": 0.019721795309646763,
        "simple_avg_change_from_original": 0.013914685835613965
    },
    "Bengali": {
        "complex_avg_change_from_original": 0.09339499057592308,
        "simple_avg_change_from_original": 0.03908903793347106
    },
    "Punjabi": {
        "complex_avg_change_from_original": 0.0586971923294947,
        "simple_avg_change_from_original": 0.023109212122359085
    },
    "Marathi": {
        "complex_avg_change_from_original": 0.07327367394065581,
        "simple_avg_change_from_original": 0.04627162690977021
    },
    "Gujarati": {
        "complex_avg_change_from_original": 0.1000145166031551,
        "simple_avg_change_from_original": 0.05393092265943696
    },
    "Malayalam": {
        "complex_avg_change_from_original": 0.12738524633352977,
        "simple_avg_change_from_original": 0.08234449246388044
    },
    "Tamil": {
        "complex_avg_change_from_original": 0.033098229891914625,
        "simple_avg_change_from_original": 0.016577560052786072
    },
    "Telugu": {
        "complex_avg_change_from_original": 0.04753194515633713,
        "simple_avg_change_from_original": 0.017013279821292786
    },
    "Kannada": {
        "complex_avg_change_from_original": 0.1348774405742247,
        "simple_avg_change_from_original": 0.08249965173156788
    }
}