{
    "method_complex_avg_change_from_original": 0.07483014405510566,
    "method_simple_avg_change_from_original": 0.0412715941288702
}