{
    "global_complex_avg_change_from_original": 0.07660976556960342,
    "global_simple_avg_change_from_original": 0.0423246707994206
}