{
    "method_complex_avg_change_from_original": 0.07660976556960342,
    "method_simple_avg_change_from_original": 0.04232467079942058
}