{
    "global_complex_avg_change_from_original": 0.07660976556960343,
    "global_simple_avg_change_from_original": 0.04232467079942059
}